Only_A	Both	Only_B	
Y145D	A67V	P9L	
G339D	T95I	R21T	
N440K	L212I	P26L	
G446S	S371F	I101T	
T478K	S373P	F157S	
E484A	S375F	N164K	
Q493R	D405N	S172F	
Y505H	K417N	K187T	
N679K	S477N	P251S	
	Q498R	I326V	
	N501Y	G339Y	
	D614G	A348P	
	H655Y	K356T	
	P681H	R403K	
	N764K	R408S	
	D796Y	A435S	
	Q954H	N440R	K>R
	N969K	V445A	
		G446D	
		L452W	
		N460K	
		T478N	K>N
		E484K	
		G496S	
		K529N	
		E554D	
		A575S	
		E583D	
		H625R	
		N641K	
		V642G	
		E654K	
		N679R	K>R
		A688D	
		S704L	
		K795T	
		A852K	
		S939F	
		D1184E	
